
INSERT INTO `restaurant` (id, name, x, y, url) VALUE (1, '김밥천국 명지대점', '37.57970641234955', '126.9243813408427', 'https://www.naver.com/');
INSERT INTO `restaurant` (id, name, x, y, url) VALUE (2, '김밥천국 명지점', '37.580508779660700', '126.925139044774000', 'https://www.naver.com/');
INSERT INTO `restaurant` (id, name, x, y, url) VALUE (3, '엄마손떡볶이', '37.57893592517728', '126.92416702319915', 'https://www.naver.com/');
INSERT INTO `restaurant` (id, name, x, y, url) VALUE (4, '인라면', '37.58141650494248', '126.92509851147378', 'https://www.naver.com/');
INSERT INTO `restaurant` (id, name, x, y, url) VALUE (5, '응급실 국물떡볶이', '37.58196771941817', '126.92409035939365', 'https://www.naver.com/');
INSERT INTO `restaurant` (id, name, x, y, url) VALUE (6, '스시하나에', '37.58148618980442', '126.92487484650475', 'https://www.naver.com/');
INSERT INTO `restaurant` (id, name, x, y, url) VALUE (7, '화전', '37.579176884474606', '126.9240790416574', 'https://www.naver.com/');
INSERT INTO `restaurant` (id, name, x, y, url) VALUE (8, '긴자료코', '37.581767967531455', '126.92521703318968', 'https://www.naver.com/');
INSERT INTO `restaurant` (id, name, x, y, url) VALUE (9, '고씨네', '37.582419086997305', '126.92545696196585', 'https://www.naver.com/');
INSERT INTO `restaurant` (id, name, x, y, url) VALUE (10, '나라비', '37.57913150790358', '126.92357247668912', 'https://www.naver.com/');
INSERT INTO `restaurant` (id, name, x, y, url) VALUE (11, '피자스쿨', '37.580743331296794', '126.92560297754231', 'https://www.naver.com/');
INSERT INTO `restaurant` (id, name, x, y, url) VALUE (12, '주인백파스타', '37.57951078238152', '126.9249079640133', 'https://www.naver.com/');
INSERT INTO `restaurant` (id, name, x, y, url) VALUE (13, 'BISTRO35', '37.58183274309835', '126.92435937793564', 'https://www.naver.com/');
INSERT INTO `restaurant` (id, name, x, y, url) VALUE (14, '밀', '37.577715182701226', '126.92432958124297', 'https://www.naver.com/');
INSERT INTO `restaurant` (id, name, x, y, url) VALUE (15, '하노이쌀국수분짜', '37.58070940471859', '126.92538224875551', 'https://www.naver.com/');
INSERT INTO `restaurant` (id, name, x, y, url) VALUE (16, '돼지주막', '37.579686400374100', '126.924788917125000', 'https://www.naver.com/');
INSERT INTO `restaurant` (id, name, x, y, url) VALUE (17, '325세겹살', '37.57929461237746', '126.92501573006071', 'https://www.naver.com/');
INSERT INTO `restaurant` (id, name, x, y, url) VALUE (18, '깡통집', '37.57951553873585', '126.92530419337494', 'https://www.naver.com/');
INSERT INTO `restaurant` (id, name, x, y, url) VALUE (19, '베가보쌈', '37.57924892751339', '126.92402236383165', 'https://www.naver.com/');
INSERT INTO `restaurant` (id, name, x, y, url) VALUE (20, '푸라닭', '37.57880065604342', '126.9239803660808', 'https://www.naver.com/');
INSERT INTO `restaurant` (id, name, x, y, url) VALUE (21, '돼지주막', '37.579686400374100', '126.924788917125000', 'https://www.naver.com/');
INSERT INTO `restaurant` (id, name, x, y, url) VALUE (22, '한솥도시락', '37.57976957424522', '126.9245256198896', 'https://www.naver.com/');
INSERT INTO `restaurant` (id, name, x, y, url) VALUE (23, '봉구네 가마솥_순대국', '37.57914804250959', '126.92476681681438', 'https://www.naver.com/');
INSERT INTO `restaurant` (id, name, x, y, url) VALUE (24, '성연 마라탕', '37.5802903157599', '126.92518171760788', 'https://www.naver.com/');
INSERT INTO `restaurant` (id, name, x, y, url) VALUE (25, '짜우반', '37.57960737556863', '126.92449465089614', 'https://www.naver.com/');
INSERT INTO `restaurant` (id, name, x, y, url) VALUE (26, '만복래', '37.577777574512375', '126.923279522051', 'https://www.naver.com/');
INSERT INTO `restaurant` (id, name, x, y, url) VALUE (27, '라와 마라탕', '37.58077906500049', '126.92511896210814', 'https://www.naver.com/');
INSERT INTO `restaurant` (id, name, x, y, url) VALUE (28, '유진반점', '37.58208007156946', '126.92366852452399', 'https://www.naver.com/');
INSERT INTO `restaurant` (id, name, x, y, url) VALUE (29, '국민우유집', '37.57929440879412', '126.92469591365658', 'https://www.naver.com/');
INSERT INTO `restaurant` (id, name, x, y, url) VALUE (30, '쥬씨&차얌 명지대점', '37.57919462687826', '126.9236488284271', 'https://www.naver.com/');
INSERT INTO `restaurant` (id, name, x, y, url) VALUE (31, '오월의 이유', '37.57881262770217', '126.92508979906356', 'https://www.naver.com/');
INSERT INTO `restaurant` (id, name, x, y, url) VALUE (32, '폴센', '37.582127078146854', '126.92321279136024', 'https://www.naver.com/');
INSERT INTO `restaurant` (id, name, x, y, url) VALUE (33, '발루토 핀치', '37.57906235064998', '126.92461407079448', 'https://www.naver.com/');
INSERT INTO `restaurant` (id, name, x, y, url) VALUE (34, '서브웨이 명지대점', '37.58000404010928', '126.92485086338013', 'https://www.naver.com/');
INSERT INTO `restaurant` (id, name, x, y, url) VALUE (35, '맥도날드 명지대점', '37.57993865139659', '126.92474620948656', 'https://www.naver.com/');
INSERT INTO `restaurant` (id, name, x, y, url) VALUE (36, '롯데리아 명지대학점', '37.579618491126645', '126.92426538960505', 'https://www.naver.com/');
INSERT INTO `restaurant` (id, name, x, y, url) VALUE (37, 'KFC', '37.57829953811805', '126.92234219103474', 'https://www.naver.com/');
INSERT INTO `tag` (id, name) VALUE (1, '김밥');
INSERT INTO `tag` (id, name) VALUE (2, '라면');
INSERT INTO `tag` (id, name) VALUE (3, '돈가스');
INSERT INTO `tag` (id, name) VALUE (4, '떡볶이');
INSERT INTO `tag` (id, name) VALUE (5, '튀김');
INSERT INTO `tag` (id, name) VALUE (6, '덮밥');
INSERT INTO `tag` (id, name) VALUE (7, '초밥');
INSERT INTO `tag` (id, name) VALUE (8, '리뷰_서비스');
INSERT INTO `tag` (id, name) VALUE (9, '가츠동');
INSERT INTO `tag` (id, name) VALUE (10, '규동');
INSERT INTO `tag` (id, name) VALUE (11, '카레');
INSERT INTO `tag` (id, name) VALUE (12, '사케동');
INSERT INTO `tag` (id, name) VALUE (13, '일식');
INSERT INTO `tag` (id, name) VALUE (14, '우동');
INSERT INTO `tag` (id, name) VALUE (15, '피자');
INSERT INTO `tag` (id, name) VALUE (16, '간편');
INSERT INTO `tag` (id, name) VALUE (17, '저렴');
INSERT INTO `tag` (id, name) VALUE (18, '파스타');
INSERT INTO `tag` (id, name) VALUE (19, '마늘빵');
INSERT INTO `tag` (id, name) VALUE (20, '라자냐');
INSERT INTO `tag` (id, name) VALUE (21, '리조또');
INSERT INTO `tag` (id, name) VALUE (22, '스테이크');
INSERT INTO `tag` (id, name) VALUE (23, '베트남');
INSERT INTO `tag` (id, name) VALUE (24, '쌀국수');
INSERT INTO `tag` (id, name) VALUE (25, '분짜');
INSERT INTO `tag` (id, name) VALUE (26, '점심특선');
INSERT INTO `tag` (id, name) VALUE (27, '삼겹살');
INSERT INTO `tag` (id, name) VALUE (28, '돼지고기');
INSERT INTO `tag` (id, name) VALUE (29, '추억의_도시락');
INSERT INTO `tag` (id, name) VALUE (30, '보쌈');
INSERT INTO `tag` (id, name) VALUE (31, '치킨');
INSERT INTO `tag` (id, name) VALUE (32, '프랜차이즈');
INSERT INTO `tag` (id, name) VALUE (33, '도시락');
INSERT INTO `tag` (id, name) VALUE (34, '한끼식사');
INSERT INTO `tag` (id, name) VALUE (35, '순대국');
INSERT INTO `tag` (id, name) VALUE (36, '뼈해장국');
INSERT INTO `tag` (id, name) VALUE (37, '마라');
INSERT INTO `tag` (id, name) VALUE (38, '고기');
INSERT INTO `tag` (id, name) VALUE (39, '짜장');
INSERT INTO `tag` (id, name) VALUE (40, '짬뽕');
INSERT INTO `tag` (id, name) VALUE (41, '탕수육');
INSERT INTO `tag` (id, name) VALUE (42, '커피');
INSERT INTO `tag` (id, name) VALUE (43, '초코');
INSERT INTO `tag` (id, name) VALUE (44, '음료');
INSERT INTO `tag` (id, name) VALUE (45, '과일');
INSERT INTO `tag` (id, name) VALUE (46, '디저트');
INSERT INTO `tag` (id, name) VALUE (47, '라떼');
INSERT INTO `tag` (id, name) VALUE (48, '감성');
INSERT INTO `tag` (id, name) VALUE (49, '샌드위치');
INSERT INTO `tag` (id, name) VALUE (50, '건강');
INSERT INTO `tag` (id, name) VALUE (51, '패스트푸드');
INSERT INTO `tag` (id, name) VALUE (52, '햄버거');
INSERT INTO `restaurant_tag` (res_id, tag_id) VALUE (1, 1);
INSERT INTO `restaurant_tag` (res_id, tag_id) VALUE (1, 2);
INSERT INTO `restaurant_tag` (res_id, tag_id) VALUE (1, 3);
INSERT INTO `restaurant_tag` (res_id, tag_id) VALUE (2, 1);
INSERT INTO `restaurant_tag` (res_id, tag_id) VALUE (2, 2);
INSERT INTO `restaurant_tag` (res_id, tag_id) VALUE (2, 3);
INSERT INTO `restaurant_tag` (res_id, tag_id) VALUE (3, 4);
INSERT INTO `restaurant_tag` (res_id, tag_id) VALUE (3, 5);
INSERT INTO `restaurant_tag` (res_id, tag_id) VALUE (3, 2);
INSERT INTO `restaurant_tag` (res_id, tag_id) VALUE (4, 2);
INSERT INTO `restaurant_tag` (res_id, tag_id) VALUE (4, 6);
INSERT INTO `restaurant_tag` (res_id, tag_id) VALUE (5, 4);
INSERT INTO `restaurant_tag` (res_id, tag_id) VALUE (5, 5);
INSERT INTO `restaurant_tag` (res_id, tag_id) VALUE (6, 7);
INSERT INTO `restaurant_tag` (res_id, tag_id) VALUE (6, 8);
INSERT INTO `restaurant_tag` (res_id, tag_id) VALUE (7, 9);
INSERT INTO `restaurant_tag` (res_id, tag_id) VALUE (7, 10);
INSERT INTO `restaurant_tag` (res_id, tag_id) VALUE (8, 11);
INSERT INTO `restaurant_tag` (res_id, tag_id) VALUE (8, 3);
INSERT INTO `restaurant_tag` (res_id, tag_id) VALUE (8, 12);
INSERT INTO `restaurant_tag` (res_id, tag_id) VALUE (9, 11);
INSERT INTO `restaurant_tag` (res_id, tag_id) VALUE (9, 3);
INSERT INTO `restaurant_tag` (res_id, tag_id) VALUE (10, 13);
INSERT INTO `restaurant_tag` (res_id, tag_id) VALUE (10, 6);
INSERT INTO `restaurant_tag` (res_id, tag_id) VALUE (10, 14);
INSERT INTO `restaurant_tag` (res_id, tag_id) VALUE (11, 15);
INSERT INTO `restaurant_tag` (res_id, tag_id) VALUE (11, 16);
INSERT INTO `restaurant_tag` (res_id, tag_id) VALUE (11, 17);
INSERT INTO `restaurant_tag` (res_id, tag_id) VALUE (12, 18);
INSERT INTO `restaurant_tag` (res_id, tag_id) VALUE (12, 19);
INSERT INTO `restaurant_tag` (res_id, tag_id) VALUE (13, 20);
INSERT INTO `restaurant_tag` (res_id, tag_id) VALUE (13, 21);
INSERT INTO `restaurant_tag` (res_id, tag_id) VALUE (13, 22);
INSERT INTO `restaurant_tag` (res_id, tag_id) VALUE (14, 18);
INSERT INTO `restaurant_tag` (res_id, tag_id) VALUE (14, 22);
INSERT INTO `restaurant_tag` (res_id, tag_id) VALUE (15, 23);
INSERT INTO `restaurant_tag` (res_id, tag_id) VALUE (15, 24);
INSERT INTO `restaurant_tag` (res_id, tag_id) VALUE (15, 25);
INSERT INTO `restaurant_tag` (res_id, tag_id) VALUE (16, 26);
INSERT INTO `restaurant_tag` (res_id, tag_id) VALUE (16, 27);
INSERT INTO `restaurant_tag` (res_id, tag_id) VALUE (17, 28);
INSERT INTO `restaurant_tag` (res_id, tag_id) VALUE (17, 29);
INSERT INTO `restaurant_tag` (res_id, tag_id) VALUE (18, 28);
INSERT INTO `restaurant_tag` (res_id, tag_id) VALUE (18, 26);
INSERT INTO `restaurant_tag` (res_id, tag_id) VALUE (19, 30);
INSERT INTO `restaurant_tag` (res_id, tag_id) VALUE (19, 28);
INSERT INTO `restaurant_tag` (res_id, tag_id) VALUE (20, 31);
INSERT INTO `restaurant_tag` (res_id, tag_id) VALUE (20, 32);
INSERT INTO `restaurant_tag` (res_id, tag_id) VALUE (21, 26);
INSERT INTO `restaurant_tag` (res_id, tag_id) VALUE (21, 27);
INSERT INTO `restaurant_tag` (res_id, tag_id) VALUE (22, 33);
INSERT INTO `restaurant_tag` (res_id, tag_id) VALUE (22, 34);
INSERT INTO `restaurant_tag` (res_id, tag_id) VALUE (22, 16);
INSERT INTO `restaurant_tag` (res_id, tag_id) VALUE (23, 35);
INSERT INTO `restaurant_tag` (res_id, tag_id) VALUE (23, 36);
INSERT INTO `restaurant_tag` (res_id, tag_id) VALUE (24, 37);
INSERT INTO `restaurant_tag` (res_id, tag_id) VALUE (24, 38);
INSERT INTO `restaurant_tag` (res_id, tag_id) VALUE (25, 39);
INSERT INTO `restaurant_tag` (res_id, tag_id) VALUE (25, 40);
INSERT INTO `restaurant_tag` (res_id, tag_id) VALUE (25, 41);
INSERT INTO `restaurant_tag` (res_id, tag_id) VALUE (26, 39);
INSERT INTO `restaurant_tag` (res_id, tag_id) VALUE (26, 40);
INSERT INTO `restaurant_tag` (res_id, tag_id) VALUE (26, 41);
INSERT INTO `restaurant_tag` (res_id, tag_id) VALUE (27, 37);
INSERT INTO `restaurant_tag` (res_id, tag_id) VALUE (27, 38);
INSERT INTO `restaurant_tag` (res_id, tag_id) VALUE (28, 39);
INSERT INTO `restaurant_tag` (res_id, tag_id) VALUE (28, 40);
INSERT INTO `restaurant_tag` (res_id, tag_id) VALUE (28, 41);
INSERT INTO `restaurant_tag` (res_id, tag_id) VALUE (29, 42);
INSERT INTO `restaurant_tag` (res_id, tag_id) VALUE (29, 43);
INSERT INTO `restaurant_tag` (res_id, tag_id) VALUE (29, 44);
INSERT INTO `restaurant_tag` (res_id, tag_id) VALUE (30, 44);
INSERT INTO `restaurant_tag` (res_id, tag_id) VALUE (30, 45);
INSERT INTO `restaurant_tag` (res_id, tag_id) VALUE (31, 42);
INSERT INTO `restaurant_tag` (res_id, tag_id) VALUE (31, 46);
INSERT INTO `restaurant_tag` (res_id, tag_id) VALUE (31, 47);
INSERT INTO `restaurant_tag` (res_id, tag_id) VALUE (32, 48);
INSERT INTO `restaurant_tag` (res_id, tag_id) VALUE (32, 42);
INSERT INTO `restaurant_tag` (res_id, tag_id) VALUE (32, 46);
INSERT INTO `restaurant_tag` (res_id, tag_id) VALUE (33, 48);
INSERT INTO `restaurant_tag` (res_id, tag_id) VALUE (33, 42);
INSERT INTO `restaurant_tag` (res_id, tag_id) VALUE (33, 46);
INSERT INTO `restaurant_tag` (res_id, tag_id) VALUE (34, 49);
INSERT INTO `restaurant_tag` (res_id, tag_id) VALUE (34, 50);
INSERT INTO `restaurant_tag` (res_id, tag_id) VALUE (35, 51);
INSERT INTO `restaurant_tag` (res_id, tag_id) VALUE (35, 52);
INSERT INTO `restaurant_tag` (res_id, tag_id) VALUE (36, 51);
INSERT INTO `restaurant_tag` (res_id, tag_id) VALUE (36, 52);
INSERT INTO `restaurant_tag` (res_id, tag_id) VALUE (37, 51);
INSERT INTO `restaurant_tag` (res_id, tag_id) VALUE (37, 52);
INSERT INTO `restaurant_tag` (res_id, tag_id) VALUE (37, 31);
INSERT INTO `category` (id, name) VALUE (1, '분식');
INSERT INTO `category` (id, name) VALUE (2, '일식');
INSERT INTO `category` (id, name) VALUE (3, '양식/아시안');
INSERT INTO `category` (id, name) VALUE (4, '고기');
INSERT INTO `category` (id, name) VALUE (5, '한식');
INSERT INTO `category` (id, name) VALUE (6, '중식');
INSERT INTO `category` (id, name) VALUE (7, '카페/디저트');
INSERT INTO `category` (id, name) VALUE (8, '간편식');
INSERT INTO `restaurant_category` (res_id, category_id) VALUE (1, 1);
INSERT INTO `restaurant_category` (res_id, category_id) VALUE (1, 5);
INSERT INTO `restaurant_category` (res_id, category_id) VALUE (2, 1);
INSERT INTO `restaurant_category` (res_id, category_id) VALUE (2, 5);
INSERT INTO `restaurant_category` (res_id, category_id) VALUE (3, 1);
INSERT INTO `restaurant_category` (res_id, category_id) VALUE (4, 1);
INSERT INTO `restaurant_category` (res_id, category_id) VALUE (5, 1);
INSERT INTO `restaurant_category` (res_id, category_id) VALUE (6, 2);
INSERT INTO `restaurant_category` (res_id, category_id) VALUE (7, 2);
INSERT INTO `restaurant_category` (res_id, category_id) VALUE (8, 2);
INSERT INTO `restaurant_category` (res_id, category_id) VALUE (9, 2);
INSERT INTO `restaurant_category` (res_id, category_id) VALUE (10, 2);
INSERT INTO `restaurant_category` (res_id, category_id) VALUE (11, 3);
INSERT INTO `restaurant_category` (res_id, category_id) VALUE (12, 3);
INSERT INTO `restaurant_category` (res_id, category_id) VALUE (13, 3);
INSERT INTO `restaurant_category` (res_id, category_id) VALUE (14, 3);
INSERT INTO `restaurant_category` (res_id, category_id) VALUE (15, 3);
INSERT INTO `restaurant_category` (res_id, category_id) VALUE (16, 4);
INSERT INTO `restaurant_category` (res_id, category_id) VALUE (17, 4);
INSERT INTO `restaurant_category` (res_id, category_id) VALUE (18, 4);
INSERT INTO `restaurant_category` (res_id, category_id) VALUE (19, 4);
INSERT INTO `restaurant_category` (res_id, category_id) VALUE (20, 4);
INSERT INTO `restaurant_category` (res_id, category_id) VALUE (21, 5);
INSERT INTO `restaurant_category` (res_id, category_id) VALUE (22, 5);
INSERT INTO `restaurant_category` (res_id, category_id) VALUE (22, 8);
INSERT INTO `restaurant_category` (res_id, category_id) VALUE (23, 5);
INSERT INTO `restaurant_category` (res_id, category_id) VALUE (24, 6);
INSERT INTO `restaurant_category` (res_id, category_id) VALUE (25, 6);
INSERT INTO `restaurant_category` (res_id, category_id) VALUE (26, 6);
INSERT INTO `restaurant_category` (res_id, category_id) VALUE (27, 6);
INSERT INTO `restaurant_category` (res_id, category_id) VALUE (28, 6);
INSERT INTO `restaurant_category` (res_id, category_id) VALUE (29, 7);
INSERT INTO `restaurant_category` (res_id, category_id) VALUE (30, 7);
INSERT INTO `restaurant_category` (res_id, category_id) VALUE (31, 7);
INSERT INTO `restaurant_category` (res_id, category_id) VALUE (32, 7);
INSERT INTO `restaurant_category` (res_id, category_id) VALUE (33, 7);
INSERT INTO `restaurant_category` (res_id, category_id) VALUE (34, 8);
INSERT INTO `restaurant_category` (res_id, category_id) VALUE (35, 8);
INSERT INTO `restaurant_category` (res_id, category_id) VALUE (36, 8);
INSERT INTO `restaurant_category` (res_id, category_id) VALUE (37, 8);
